<?xml version="1.0" encoding="UTF-8"?>
<mule xmlns:doc="http://www.mulesoft.org/schema/mule/documentation" xmlns="http://www.mulesoft.org/schema/mule/core" xmlns:apikit="http://www.mulesoft.org/schema/mule/apikit" xmlns:http="http://www.mulesoft.org/schema/mule/http" xmlns:spring="http://www.springframework.org/schema/beans" xmlns:xsi="http://www.w3.org/2001/XMLSchema-instance" xsi:schemaLocation="http://www.mulesoft.org/schema/mule/core http://www.mulesoft.org/schema/mule/core/current/mule.xsd
http://www.mulesoft.org/schema/mule/http http://www.mulesoft.org/schema/mule/http/current/mule-http.xsd
http://www.mulesoft.org/schema/mule/apikit http://www.mulesoft.org/schema/mule/apikit/current/mule-apikit.xsd
http://www.springframework.org/schema/beans http://www.springframework.org/schema/beans/spring-beans-3.1.xsd">
    <http:listener-config name="banking-system-api-httpListenerConfig" host="0.0.0.0" port="8081" doc:name="HTTP Listener Configuration"/>
    <apikit:config name="banking-system-api-config" raml="banking-system-api.raml" consoleEnabled="false" doc:name="Router" keepRamlBaseUri="false"/>
    <flow name="banking-system-api-main">
        <http:listener config-ref="banking-system-api-httpListenerConfig" path="/api/*" doc:name="HTTP"/>
        <apikit:router config-ref="banking-system-api-config" doc:name="APIkit Router"/>
        <exception-strategy ref="banking-system-api-apiKitGlobalExceptionMapping" doc:name="Reference Exception Strategy"/>
    </flow>
    <flow name="banking-system-api-console">
        <http:listener config-ref="banking-system-api-httpListenerConfig" path="/console/*" doc:name="HTTP"/>
        <apikit:console config-ref="banking-system-api-config" doc:name="APIkit Console"/>
    </flow>
    <flow name="put:/customers/{ID}:application/json:banking-system-api-config">
        <set-payload value="{&#xA;&quot;message&quot; : &quot;customer Details Updated&quot;&#xA;}" doc:name="Set Payload"/>
    </flow>
    <flow name="delete:/customers/{ID}:banking-system-api-config">
        <set-payload value="{&#xA;&quot;message&quot; : &quot;Customer deleted (but not really)&quot;&#xA;}" doc:name="Set Payload"/>
    </flow>
    <flow name="get:/customers:banking-system-api-config">
        <set-payload value="[&#xA;{&#xA;&quot;customerID&quot; : 1,&#xA;&quot;customerName&quot; : &quot;Jack&quot;,&#xA;&quot;address&quot; : &quot;pune&quot;,&#xA;&quot;bankDetails&quot; : {&#xA;&quot;accountNo&quot; : 123456987,&#xA;&quot;accountType&quot; : &quot;SA&quot;,&#xA;&quot;balance&quot; : 5000&#xA;}&#xA;},&#xA;{&#xA;&quot;customerID&quot; : 2,&#xA;&quot;customerName&quot; : &quot;Henry&quot;,&#xA;&quot;address&quot; : &quot;Mumbai&quot;,&#xA;&quot;bankDetails&quot; : {&#xA;&quot;accountNo&quot; : 8974526315,&#xA;&quot;accountType&quot; : &quot;CA&quot;,&#xA;&quot;balance&quot; : 7800&#xA;}&#xA;}&#xA;]" doc:name="Set Payload"/>
    </flow>
    <flow name="get:/customers/{ID}:banking-system-api-config">
        <set-payload value="{&#xA;&quot;customerID&quot; : 1,&#xA;&quot;customerName&quot; : &quot;Jack&quot;,&#xA;&quot;address&quot; : &quot;pune&quot;,&#xA;&quot;bankDetails&quot; : {&#xA;&quot;accountNo&quot; : 123456987,&#xA;&quot;accountType&quot; : &quot;SA&quot;,&#xA;&quot;balance&quot; : 5000&#xA;}&#xA;}" doc:name="Set Payload"/>
    </flow>
    <flow name="post:/customers:application/json:banking-system-api-config">
        <set-property propertyName="Content-Type" value="application/json" doc:name="Property"/>
        <set-payload value="{&#xA;&quot;message&quot; : &quot;New Customer Added&quot;&#xA;}" doc:name="Set Payload"/>
    </flow>
    <apikit:mapping-exception-strategy name="banking-system-api-apiKitGlobalExceptionMapping">
        <apikit:mapping statusCode="404">
            <apikit:exception value="org.mule.module.apikit.exception.NotFoundException" />
            <set-property propertyName="Content-Type" value="application/json" doc:name="Property"/>
            <set-payload value="{ &quot;message&quot;: &quot;Resource not found&quot; }" doc:name="Set Payload"/>
        </apikit:mapping>
        <apikit:mapping statusCode="405">
            <apikit:exception value="org.mule.module.apikit.exception.MethodNotAllowedException" />
            <set-property propertyName="Content-Type" value="application/json" doc:name="Property"/>
            <set-payload value="{ &quot;message&quot;: &quot;Method not allowed&quot; }" doc:name="Set Payload"/>
        </apikit:mapping>
        <apikit:mapping statusCode="415">
            <apikit:exception value="org.mule.module.apikit.exception.UnsupportedMediaTypeException" />
            <set-property propertyName="Content-Type" value="application/json" doc:name="Property"/>
            <set-payload value="{ &quot;message&quot;: &quot;Unsupported media type&quot; }" doc:name="Set Payload"/>
        </apikit:mapping>
        <apikit:mapping statusCode="406">
            <apikit:exception value="org.mule.module.apikit.exception.NotAcceptableException" />
            <set-property propertyName="Content-Type" value="application/json" doc:name="Property"/>
            <set-payload value="{ &quot;message&quot;: &quot;Not acceptable&quot; }" doc:name="Set Payload"/>
        </apikit:mapping>
        <apikit:mapping statusCode="400">
            <apikit:exception value="org.mule.module.apikit.exception.BadRequestException" />
            <set-property propertyName="Content-Type" value="application/json" doc:name="Property"/>
            <set-payload value="{ &quot;message&quot;: &quot;Bad request&quot; }" doc:name="Set Payload"/>
        </apikit:mapping>
    </apikit:mapping-exception-strategy>
</mule>
